fecha,hora,plc_id,sensor,valor
2025-05-26,18:52:17,1,temperature,7
2025-05-26,18:52:17,1,humidity,21
2025-05-26,18:52:20,1,temperature,81
2025-05-26,18:52:20,1,humidity,77
2025-05-26,18:52:23,1,temperature,62
2025-05-26,18:52:23,1,humidity,61
2025-05-26,18:52:26,1,temperature,84
2025-05-26,18:52:26,1,humidity,5
2025-05-26,18:52:29,1,temperature,71
2025-05-26,18:52:29,1,humidity,88
2025-05-26,18:52:32,1,temperature,77
2025-05-26,18:52:32,1,humidity,48
2025-05-26,18:52:35,1,temperature,7
2025-05-26,18:52:35,1,humidity,22
2025-05-26,18:52:38,1,temperature,63
2025-05-26,18:52:38,1,humidity,91
2025-05-26,18:52:41,1,temperature,74
2025-05-26,18:52:41,1,humidity,88
2025-05-26,18:52:44,1,temperature,22
2025-05-26,18:52:44,1,humidity,11
2025-05-26,18:52:47,1,temperature,25
2025-05-26,18:52:47,1,humidity,48
2025-05-26,18:52:50,1,temperature,49
2025-05-26,18:52:50,1,humidity,55
2025-06-05,19:09:27,1,temperature,90
2025-06-05,19:09:27,1,humidity,15
2025-06-05,19:09:30,1,temperature,66
2025-06-05,19:09:30,1,humidity,84
2025-06-05,19:09:33,1,temperature,46
2025-06-05,19:09:33,1,humidity,28
2025-06-05,19:09:36,1,temperature,84
2025-06-05,19:09:36,1,humidity,45
2025-06-05,19:09:39,1,temperature,44
2025-06-05,19:09:39,1,humidity,59
2025-06-05,19:09:42,1,temperature,56
2025-06-05,19:09:42,1,humidity,98
2025-06-05,19:09:45,1,temperature,74
2025-06-05,19:09:45,1,humidity,28
2025-06-05,19:09:48,1,temperature,13
2025-06-05,19:09:48,1,humidity,43
2025-06-05,19:09:51,1,temperature,81
2025-06-05,19:09:51,1,humidity,28
2025-06-05,19:09:54,1,temperature,60
2025-06-05,19:09:54,1,humidity,76
2025-06-05,19:09:57,1,temperature,18
2025-06-05,19:09:57,1,humidity,46
2025-06-05,19:10:00,1,temperature,99
2025-06-05,19:10:00,1,humidity,57
2025-06-05,19:10:03,1,temperature,21
2025-06-05,19:10:03,1,humidity,46
2025-06-05,19:10:06,1,temperature,66
2025-06-05,19:10:06,1,humidity,82
2025-06-05,19:10:09,1,temperature,44
2025-06-05,19:10:09,1,humidity,93
2025-06-05,19:10:12,1,temperature,21
2025-06-05,19:10:12,1,humidity,2
2025-06-05,19:10:15,1,temperature,66
2025-06-05,19:10:15,1,humidity,49
2025-06-05,19:10:18,1,temperature,7
2025-06-05,19:10:18,1,humidity,86
2025-06-05,19:10:21,1,temperature,2
2025-06-05,19:10:21,1,humidity,87
2025-06-05,19:10:24,1,temperature,67
2025-06-05,19:10:24,1,humidity,69
2025-06-05,19:10:27,1,temperature,74
2025-06-05,19:10:27,1,humidity,35
2025-06-05,19:10:30,1,temperature,91
2025-06-05,19:10:30,1,humidity,20
2025-06-05,19:10:33,1,temperature,28
2025-06-05,19:10:33,1,humidity,21
2025-06-05,19:10:36,1,temperature,98
2025-06-05,19:10:36,1,humidity,84
2025-06-05,19:10:39,1,temperature,77
2025-06-05,19:10:39,1,humidity,53
2025-06-05,19:10:42,1,temperature,49
2025-06-05,19:10:42,1,humidity,31
2025-06-05,19:10:45,1,temperature,29
2025-06-05,19:10:45,1,humidity,44
2025-06-05,19:10:48,1,temperature,70
2025-06-05,19:10:48,1,humidity,67
2025-06-05,19:10:51,1,temperature,76
2025-06-05,19:10:51,1,humidity,47
2025-06-05,19:14:05,1,temperature,77
2025-06-05,19:14:05,1,humidity,64
2025-06-05,19:14:08,1,temperature,64
2025-06-05,19:14:08,1,humidity,12
2025-06-05,19:14:11,1,temperature,92
2025-06-05,19:14:11,1,humidity,63
2025-06-05,19:14:14,1,temperature,6
2025-06-05,19:14:14,1,humidity,48
2025-06-05,19:14:17,1,temperature,99
2025-06-05,19:14:17,1,humidity,5
2025-06-05,19:14:20,1,temperature,14
2025-06-05,19:14:20,1,humidity,11
2025-06-05,19:14:23,1,temperature,15
2025-06-05,19:14:23,1,humidity,64
2025-06-05,19:14:26,1,temperature,70
2025-06-05,19:14:26,1,humidity,1
2025-06-05,19:14:29,1,temperature,21
2025-06-05,19:14:29,1,humidity,22
2025-06-05,19:14:32,1,temperature,73
2025-06-05,19:14:32,1,humidity,71
2025-06-05,19:14:35,1,temperature,42
2025-06-05,19:14:35,1,humidity,74
2025-06-05,19:14:38,1,temperature,58
2025-06-05,19:14:38,1,humidity,89
2025-06-05,19:14:41,1,temperature,10
2025-06-05,19:14:41,1,humidity,10
2025-06-05,19:14:44,1,temperature,57
2025-06-05,19:14:44,1,humidity,76
2025-06-05,19:14:47,1,temperature,45
2025-06-05,19:14:47,1,humidity,12
2025-06-05,19:14:50,1,temperature,27
2025-06-05,19:14:50,1,humidity,53
2025-06-05,19:14:53,1,temperature,4
2025-06-05,19:14:53,1,humidity,15
2025-06-05,19:14:57,1,temperature,41
2025-06-05,19:14:57,1,humidity,57
2025-06-05,19:15:00,1,temperature,32
2025-06-05,19:15:00,1,humidity,54
2025-06-05,19:15:03,1,temperature,40
2025-06-05,19:15:03,1,humidity,16
2025-06-05,19:15:06,1,temperature,28
2025-06-05,19:15:06,1,humidity,65
2025-06-05,19:15:09,1,temperature,7
2025-06-05,19:15:09,1,humidity,10
2025-06-05,19:15:12,1,temperature,10
2025-06-05,19:15:12,1,humidity,53
2025-06-05,19:15:15,1,temperature,81
2025-06-05,19:15:15,1,humidity,67
2025-06-05,19:15:18,1,temperature,47
2025-06-05,19:15:18,1,humidity,5
2025-06-05,19:15:21,1,temperature,43
2025-06-05,19:15:21,1,humidity,54
2025-06-05,19:15:24,1,temperature,4
2025-06-05,19:15:24,1,humidity,4
2025-06-05,19:15:27,1,temperature,41
2025-06-05,19:15:27,1,humidity,82
2025-06-05,19:15:30,1,temperature,54
2025-06-05,19:15:30,1,humidity,92
2025-06-05,19:15:33,1,temperature,89
2025-06-05,19:15:33,1,humidity,34
2025-06-05,19:15:36,1,temperature,58
2025-06-05,19:15:36,1,humidity,61
2025-06-05,19:15:39,1,temperature,65
2025-06-05,19:15:39,1,humidity,97
2025-06-05,19:15:42,1,temperature,28
2025-06-05,19:15:42,1,humidity,49
2025-06-05,19:15:45,1,temperature,19
2025-06-05,19:15:45,1,humidity,92
2025-06-05,19:15:48,1,temperature,46
2025-06-05,19:15:48,1,humidity,5
2025-06-05,19:15:51,1,temperature,22
2025-06-05,19:15:51,1,humidity,94
2025-06-05,19:15:54,1,temperature,77
2025-06-05,19:15:54,1,humidity,35
2025-06-05,19:15:57,1,temperature,69
2025-06-05,19:15:57,1,humidity,39
2025-06-05,19:16:00,1,temperature,48
2025-06-05,19:16:00,1,humidity,27
2025-06-05,19:16:03,1,temperature,21
2025-06-05,19:16:03,1,humidity,5
2025-06-05,19:17:52,1,temperature,96
2025-06-05,19:17:52,1,humidity,60
2025-06-05,19:17:55,1,temperature,13
2025-06-05,19:17:55,1,humidity,40
2025-06-05,19:17:58,1,temperature,85
2025-06-05,19:17:58,1,humidity,56
2025-06-05,19:18:01,1,temperature,71
2025-06-05,19:18:01,1,humidity,47
2025-06-05,19:18:04,1,temperature,11
2025-06-05,19:18:04,1,humidity,82
2025-06-05,19:18:07,1,temperature,7
2025-06-05,19:18:07,1,humidity,81
2025-06-05,19:18:10,1,temperature,15
2025-06-05,19:18:10,1,humidity,58
2025-06-05,19:18:13,1,temperature,52
2025-06-05,19:18:13,1,humidity,51
2025-06-05,19:18:16,1,temperature,9
2025-06-05,19:18:16,1,humidity,22
2025-06-05,19:18:19,1,temperature,71
2025-06-05,19:18:19,1,humidity,30
2025-06-05,19:18:22,1,temperature,68
2025-06-05,19:18:22,1,humidity,23
2025-06-05,19:18:25,1,temperature,7
2025-06-05,19:18:25,1,humidity,1
2025-06-05,19:18:28,1,temperature,28
2025-06-05,19:18:28,1,humidity,64
2025-06-05,19:18:31,1,temperature,9
2025-06-05,19:18:31,1,humidity,17
2025-06-05,19:18:34,1,temperature,23
2025-06-05,19:18:34,1,humidity,29
2025-06-05,19:18:37,1,temperature,96
2025-06-05,19:18:37,1,humidity,59
2025-06-05,19:18:40,1,temperature,98
2025-06-05,19:18:40,1,humidity,30
2025-06-05,19:18:43,1,temperature,92
2025-06-05,19:18:43,1,humidity,90
2025-06-05,19:18:46,1,temperature,36
2025-06-05,19:18:46,1,humidity,98
2025-06-05,19:18:49,1,temperature,76
2025-06-05,19:18:49,1,humidity,51
2025-06-05,19:18:52,1,temperature,59
2025-06-05,19:18:52,1,humidity,76
2025-06-05,19:18:55,1,temperature,36
2025-06-05,19:18:55,1,humidity,50
2025-06-05,19:18:58,1,temperature,99
2025-06-05,19:18:58,1,humidity,53
2025-06-05,19:19:01,1,temperature,93
2025-06-05,19:19:01,1,humidity,3
2025-06-05,19:19:04,1,temperature,45
2025-06-05,19:19:04,1,humidity,6
2025-06-05,19:19:07,1,temperature,19
2025-06-05,19:19:07,1,humidity,93
2025-06-05,19:19:10,1,temperature,42
2025-06-05,19:19:10,1,humidity,40
2025-06-05,19:19:13,1,temperature,60
2025-06-05,19:19:13,1,humidity,65
2025-06-05,19:19:16,1,temperature,92
2025-06-05,19:19:16,1,humidity,15
2025-06-05,19:19:19,1,temperature,97
2025-06-05,19:19:19,1,humidity,23
2025-06-05,19:19:22,1,temperature,92
2025-06-05,19:19:22,1,humidity,64
2025-06-05,19:19:25,1,temperature,76
2025-06-05,19:19:25,1,humidity,5
2025-06-05,19:19:28,1,temperature,87
2025-06-05,19:19:28,1,humidity,24
2025-06-05,19:19:31,1,temperature,2
2025-06-05,19:19:31,1,humidity,85
2025-06-05,19:19:34,1,temperature,8
2025-06-05,19:19:34,1,humidity,100
2025-06-05,19:19:37,1,temperature,89
2025-06-05,19:19:37,1,humidity,80
2025-06-05,19:19:40,1,temperature,18
2025-06-05,19:19:40,1,humidity,17
2025-06-05,19:19:43,1,temperature,39
2025-06-05,19:19:43,1,humidity,17
2025-06-05,19:19:46,1,temperature,61
2025-06-05,19:19:46,1,humidity,48
2025-06-05,19:19:49,1,temperature,40
2025-06-05,19:19:49,1,humidity,59
2025-06-05,19:19:52,1,temperature,42
2025-06-05,19:19:52,1,humidity,41
2025-06-05,19:19:55,1,temperature,89
2025-06-05,19:19:55,1,humidity,50
2025-06-05,19:19:58,1,temperature,59
2025-06-05,19:19:58,1,humidity,100
2025-06-05,19:20:01,1,temperature,88
2025-06-05,19:20:01,1,humidity,46
2025-06-05,19:20:04,1,temperature,5
2025-06-05,19:20:04,1,humidity,14
2025-06-05,19:20:07,1,temperature,13
2025-06-05,19:20:07,1,humidity,37
2025-06-05,19:20:10,1,temperature,39
2025-06-05,19:20:10,1,humidity,100
2025-06-05,19:20:13,1,temperature,26
2025-06-05,19:20:13,1,humidity,34
2025-06-05,19:20:16,1,temperature,80
2025-06-05,19:20:16,1,humidity,88
2025-06-05,19:20:19,1,temperature,15
2025-06-05,19:20:19,1,humidity,100
2025-06-05,19:20:22,1,temperature,89
2025-06-05,19:20:22,1,humidity,34
2025-06-05,19:20:25,1,temperature,38
2025-06-05,19:20:25,1,humidity,69
2025-06-05,19:20:28,1,temperature,48
2025-06-05,19:20:28,1,humidity,40
2025-06-05,19:20:31,1,temperature,29
2025-06-05,19:20:31,1,humidity,47
2025-06-05,19:20:34,1,temperature,61
2025-06-05,19:20:34,1,humidity,90
2025-06-05,19:20:37,1,temperature,63
2025-06-05,19:20:37,1,humidity,16
2025-06-05,19:20:40,1,temperature,20
2025-06-05,19:20:40,1,humidity,96
2025-06-05,19:20:43,1,temperature,73
2025-06-05,19:20:43,1,humidity,35
2025-06-05,19:20:46,1,temperature,41
2025-06-05,19:20:46,1,humidity,16
2025-06-05,19:20:49,1,temperature,82
2025-06-05,19:20:49,1,humidity,70
2025-06-05,19:20:52,1,temperature,19
2025-06-05,19:20:52,1,humidity,16
2025-06-05,19:20:55,1,temperature,79
2025-06-05,19:20:55,1,humidity,1
2025-06-05,19:20:58,1,temperature,61
2025-06-05,19:20:58,1,humidity,96
2025-06-05,19:21:01,1,temperature,80
2025-06-05,19:21:01,1,humidity,86
2025-06-05,19:21:04,1,temperature,44
2025-06-05,19:21:04,1,humidity,50
2025-06-05,19:21:07,1,temperature,28
2025-06-05,19:21:07,1,humidity,5
2025-06-05,19:21:10,1,temperature,40
2025-06-05,19:21:10,1,humidity,60
2025-06-05,19:21:13,1,temperature,69
2025-06-05,19:21:13,1,humidity,81
2025-06-05,19:21:16,1,temperature,7
2025-06-05,19:21:16,1,humidity,18
2025-06-05,19:21:19,1,temperature,3
2025-06-05,19:21:19,1,humidity,80
2025-06-05,19:21:22,1,temperature,17
2025-06-05,19:21:22,1,humidity,93
2025-06-05,19:21:25,1,temperature,43
2025-06-05,19:21:25,1,humidity,92
2025-06-05,19:21:28,1,temperature,73
2025-06-05,19:21:28,1,humidity,5
2025-06-05,19:21:31,1,temperature,50
2025-06-05,19:21:31,1,humidity,42
2025-06-05,19:21:34,1,temperature,75
2025-06-05,19:21:34,1,humidity,29
2025-06-05,19:21:37,1,temperature,74
2025-06-05,19:21:37,1,humidity,11
2025-06-05,19:21:40,1,temperature,84
2025-06-05,19:21:40,1,humidity,43
2025-06-05,19:21:43,1,temperature,99
2025-06-05,19:21:43,1,humidity,7
2025-06-05,19:21:46,1,temperature,64
2025-06-05,19:21:46,1,humidity,40
2025-06-05,19:21:49,1,temperature,36
2025-06-05,19:21:49,1,humidity,18
2025-06-05,19:21:52,1,temperature,6
2025-06-05,19:21:52,1,humidity,5
2025-06-05,19:21:55,1,temperature,16
2025-06-05,19:21:55,1,humidity,92
2025-06-05,19:21:58,1,temperature,6
2025-06-05,19:21:58,1,humidity,75
2025-06-05,19:22:01,1,temperature,75
2025-06-05,19:22:01,1,humidity,30
2025-06-05,19:22:04,1,temperature,52
2025-06-05,19:22:04,1,humidity,40
2025-06-05,19:22:07,1,temperature,89
2025-06-05,19:22:07,1,humidity,74
2025-06-05,19:22:10,1,temperature,54
2025-06-05,19:22:10,1,humidity,28
2025-06-05,19:22:13,1,temperature,29
2025-06-05,19:22:13,1,humidity,38
2025-06-05,19:22:16,1,temperature,50
2025-06-05,19:22:16,1,humidity,10
2025-06-05,19:22:19,1,temperature,86
2025-06-05,19:22:19,1,humidity,57
2025-06-05,19:22:22,1,temperature,67
2025-06-05,19:22:22,1,humidity,14
2025-06-05,19:22:25,1,temperature,10
2025-06-05,19:22:25,1,humidity,12
2025-06-05,19:22:28,1,temperature,67
2025-06-05,19:22:28,1,humidity,49
2025-06-05,19:22:31,1,temperature,66
2025-06-05,19:22:31,1,humidity,31
2025-06-05,19:22:34,1,temperature,91
2025-06-05,19:22:34,1,humidity,94
2025-06-05,19:22:37,1,temperature,77
2025-06-05,19:22:37,1,humidity,86
2025-06-05,19:22:40,1,temperature,22
2025-06-05,19:22:40,1,humidity,81
2025-06-05,19:22:43,1,temperature,89
2025-06-05,19:22:43,1,humidity,76
2025-06-05,19:22:46,1,temperature,75
2025-06-05,19:22:46,1,humidity,16
2025-06-05,19:22:49,1,temperature,43
2025-06-05,19:22:49,1,humidity,47
2025-06-05,19:22:52,1,temperature,83
2025-06-05,19:22:52,1,humidity,19
2025-06-05,19:22:55,1,temperature,85
2025-06-05,19:22:55,1,humidity,59
2025-06-05,19:22:58,1,temperature,71
2025-06-05,19:22:58,1,humidity,74
2025-06-05,19:23:01,1,temperature,35
2025-06-05,19:23:01,1,humidity,84
2025-06-05,19:23:04,1,temperature,46
2025-06-05,19:23:04,1,humidity,85
2025-06-05,19:23:07,1,temperature,90
2025-06-05,19:23:07,1,humidity,11
2025-06-05,19:23:10,1,temperature,40
2025-06-05,19:23:10,1,humidity,87
2025-06-05,19:23:13,1,temperature,21
2025-06-05,19:23:13,1,humidity,71
2025-06-05,19:23:16,1,temperature,100
2025-06-05,19:23:16,1,humidity,77
2025-06-05,19:23:19,1,temperature,52
2025-06-05,19:23:19,1,humidity,57
2025-06-05,19:23:22,1,temperature,99
2025-06-05,19:23:22,1,humidity,9
2025-06-05,19:23:25,1,temperature,35
2025-06-05,19:23:25,1,humidity,84
2025-06-05,19:23:28,1,temperature,75
2025-06-05,19:23:28,1,humidity,34
2025-06-05,19:23:31,1,temperature,98
2025-06-05,19:23:31,1,humidity,86
2025-06-05,19:23:34,1,temperature,98
2025-06-05,19:23:34,1,humidity,44
2025-06-05,19:23:37,1,temperature,1
2025-06-05,19:23:37,1,humidity,74
2025-06-05,19:23:40,1,temperature,61
2025-06-05,19:23:40,1,humidity,47
2025-06-05,19:23:43,1,temperature,86
2025-06-05,19:23:43,1,humidity,58
2025-06-05,19:23:46,1,temperature,96
2025-06-05,19:23:46,1,humidity,33
2025-06-05,19:23:49,1,temperature,84
2025-06-05,19:23:49,1,humidity,7
2025-06-05,19:23:52,1,temperature,97
2025-06-05,19:23:52,1,humidity,75
2025-06-05,19:23:55,1,temperature,97
2025-06-05,19:23:55,1,humidity,83
2025-06-05,19:23:58,1,temperature,75
2025-06-05,19:23:58,1,humidity,34
2025-06-05,19:24:01,1,temperature,93
2025-06-05,19:24:01,1,humidity,9
2025-06-05,19:24:04,1,temperature,6
2025-06-05,19:24:04,1,humidity,84
2025-06-05,19:24:07,1,temperature,12
2025-06-05,19:24:07,1,humidity,35
2025-06-05,19:24:10,1,temperature,70
2025-06-05,19:24:10,1,humidity,6
2025-06-05,19:24:13,1,temperature,72
2025-06-05,19:24:13,1,humidity,1
2025-06-05,19:24:16,1,temperature,20
2025-06-05,19:24:16,1,humidity,4
2025-06-05,19:24:19,1,temperature,10
2025-06-05,19:24:19,1,humidity,55
2025-06-05,19:24:22,1,temperature,34
2025-06-05,19:24:22,1,humidity,34
2025-06-05,19:24:25,1,temperature,83
2025-06-05,19:24:25,1,humidity,32
2025-06-05,19:24:28,1,temperature,4
2025-06-05,19:24:28,1,humidity,38
2025-06-05,19:24:31,1,temperature,14
2025-06-05,19:24:31,1,humidity,2
2025-06-05,19:24:34,1,temperature,1
2025-06-05,19:24:34,1,humidity,88
2025-06-05,19:24:37,1,temperature,73
2025-06-05,19:24:37,1,humidity,23
2025-06-05,19:24:40,1,temperature,55
2025-06-05,19:24:40,1,humidity,23
2025-06-05,19:24:43,1,temperature,75
2025-06-05,19:24:43,1,humidity,67
2025-06-05,19:24:46,1,temperature,97
2025-06-05,19:24:46,1,humidity,82
2025-06-05,19:24:49,1,temperature,37
2025-06-05,19:24:49,1,humidity,100
2025-06-05,19:24:52,1,temperature,75
2025-06-05,19:24:52,1,humidity,74
2025-06-05,19:24:55,1,temperature,74
2025-06-05,19:24:55,1,humidity,91
2025-06-05,19:24:58,1,temperature,47
2025-06-05,19:24:58,1,humidity,24
2025-06-05,19:25:01,1,temperature,19
2025-06-05,19:25:01,1,humidity,80
2025-06-05,19:25:04,1,temperature,89
2025-06-05,19:25:04,1,humidity,87
2025-06-05,19:25:07,1,temperature,97
2025-06-05,19:25:07,1,humidity,68
2025-06-05,19:25:10,1,temperature,97
2025-06-05,19:25:10,1,humidity,58
2025-06-05,19:25:13,1,temperature,53
2025-06-05,19:25:13,1,humidity,26
2025-06-05,19:25:16,1,temperature,22
2025-06-05,19:25:16,1,humidity,41
2025-06-05,19:25:19,1,temperature,89
2025-06-05,19:25:19,1,humidity,53
2025-06-05,19:25:22,1,temperature,29
2025-06-05,19:25:22,1,humidity,91
2025-06-05,19:25:25,1,temperature,28
2025-06-05,19:25:25,1,humidity,64
2025-06-05,19:25:28,1,temperature,74
2025-06-05,19:25:28,1,humidity,61
2025-06-05,19:25:31,1,temperature,59
2025-06-05,19:25:31,1,humidity,13
2025-06-05,19:25:34,1,temperature,97
2025-06-05,19:25:34,1,humidity,86
2025-06-05,19:25:37,1,temperature,6
2025-06-05,19:25:37,1,humidity,16
2025-06-05,19:25:40,1,temperature,84
2025-06-05,19:25:40,1,humidity,38
2025-06-05,19:25:43,1,temperature,17
2025-06-05,19:25:43,1,humidity,39
2025-06-05,19:25:46,1,temperature,61
2025-06-05,19:25:46,1,humidity,40
2025-06-05,19:25:49,1,temperature,57
2025-06-05,19:25:49,1,humidity,56
2025-06-05,19:25:52,1,temperature,82
2025-06-05,19:25:52,1,humidity,56
2025-06-05,19:25:55,1,temperature,71
2025-06-05,19:25:55,1,humidity,62
2025-06-05,19:25:58,1,temperature,19
2025-06-05,19:25:58,1,humidity,93
2025-06-05,19:26:01,1,temperature,45
2025-06-05,19:26:01,1,humidity,100
2025-06-05,19:26:04,1,temperature,32
2025-06-05,19:26:04,1,humidity,77
2025-06-05,19:26:07,1,temperature,27
2025-06-05,19:26:07,1,humidity,50
2025-06-05,19:26:10,1,temperature,18
2025-06-05,19:26:10,1,humidity,24
2025-06-05,19:26:13,1,temperature,90
2025-06-05,19:26:13,1,humidity,66
2025-06-05,19:26:16,1,temperature,41
2025-06-05,19:26:16,1,humidity,85
2025-06-05,19:26:19,1,temperature,94
2025-06-05,19:26:19,1,humidity,64
2025-06-05,19:26:22,1,temperature,95
2025-06-05,19:26:22,1,humidity,1
2025-06-05,19:26:25,1,temperature,69
2025-06-05,19:26:25,1,humidity,90
2025-06-05,19:26:28,1,temperature,65
2025-06-05,19:26:28,1,humidity,16
2025-06-05,19:26:31,1,temperature,86
2025-06-05,19:26:31,1,humidity,13
2025-06-05,19:26:34,1,temperature,40
2025-06-05,19:26:34,1,humidity,81
2025-06-05,19:26:37,1,temperature,16
2025-06-05,19:26:37,1,humidity,40
2025-06-05,19:26:40,1,temperature,77
2025-06-05,19:26:40,1,humidity,78
2025-06-05,19:26:43,1,temperature,18
2025-06-05,19:26:43,1,humidity,24
2025-06-05,19:26:46,1,temperature,92
2025-06-05,19:26:46,1,humidity,27
2025-06-05,19:26:49,1,temperature,29
2025-06-05,19:26:49,1,humidity,96
2025-06-05,19:26:52,1,temperature,14
2025-06-05,19:26:52,1,humidity,33
2025-06-05,19:26:55,1,temperature,9
2025-06-05,19:26:55,1,humidity,21
2025-06-05,19:26:58,1,temperature,44
2025-06-05,19:26:58,1,humidity,43
2025-06-05,19:27:01,1,temperature,37
2025-06-05,19:27:01,1,humidity,73
2025-06-05,19:27:04,1,temperature,41
2025-06-05,19:27:04,1,humidity,93
2025-06-05,19:27:07,1,temperature,59
2025-06-05,19:27:07,1,humidity,26
2025-06-05,19:27:10,1,temperature,99
2025-06-05,19:27:10,1,humidity,47
2025-06-05,19:27:13,1,temperature,2
2025-06-05,19:27:13,1,humidity,95
2025-06-05,19:27:16,1,temperature,2
2025-06-05,19:27:16,1,humidity,98
2025-06-05,19:27:19,1,temperature,63
2025-06-05,19:27:19,1,humidity,53
2025-06-05,19:27:22,1,temperature,5
2025-06-05,19:27:22,1,humidity,94
2025-06-05,19:27:25,1,temperature,19
2025-06-05,19:27:25,1,humidity,17
2025-06-05,19:27:28,1,temperature,19
2025-06-05,19:27:28,1,humidity,22
2025-06-05,19:27:31,1,temperature,44
2025-06-05,19:27:31,1,humidity,57
2025-06-05,19:27:34,1,temperature,23
2025-06-05,19:27:34,1,humidity,17
2025-06-05,19:27:37,1,temperature,8
2025-06-05,19:27:37,1,humidity,6
2025-06-05,19:27:40,1,temperature,14
2025-06-05,19:27:40,1,humidity,88
2025-06-05,19:27:43,1,temperature,98
2025-06-05,19:27:43,1,humidity,60
2025-06-05,19:27:46,1,temperature,100
2025-06-05,19:27:46,1,humidity,92
2025-06-05,19:27:49,1,temperature,96
2025-06-05,19:27:49,1,humidity,66
2025-06-05,19:27:52,1,temperature,41
2025-06-05,19:27:52,1,humidity,63
2025-06-05,19:27:55,1,temperature,81
2025-06-05,19:27:55,1,humidity,88
2025-06-05,19:27:58,1,temperature,77
2025-06-05,19:27:58,1,humidity,41
2025-06-05,19:28:01,1,temperature,12
2025-06-05,19:28:01,1,humidity,54
2025-06-05,19:28:04,1,temperature,74
2025-06-05,19:28:04,1,humidity,65
2025-06-05,19:28:07,1,temperature,62
2025-06-05,19:28:07,1,humidity,6
2025-06-05,19:28:10,1,temperature,47
2025-06-05,19:28:10,1,humidity,73
2025-06-05,19:28:13,1,temperature,16
2025-06-05,19:28:13,1,humidity,49
2025-06-05,19:28:16,1,temperature,87
2025-06-05,19:28:16,1,humidity,9
2025-06-05,19:28:19,1,temperature,79
2025-06-05,19:28:19,1,humidity,57
2025-06-05,19:28:22,1,temperature,60
2025-06-05,19:28:22,1,humidity,66
2025-06-05,19:28:25,1,temperature,69
2025-06-05,19:28:25,1,humidity,94
2025-06-05,19:28:28,1,temperature,18
2025-06-05,19:28:28,1,humidity,61
2025-06-05,19:28:31,1,temperature,90
2025-06-05,19:28:31,1,humidity,65
2025-06-05,19:28:34,1,temperature,32
2025-06-05,19:28:34,1,humidity,92
2025-06-05,19:28:37,1,temperature,84
2025-06-05,19:28:37,1,humidity,84
2025-06-05,19:28:40,1,temperature,41
2025-06-05,19:28:40,1,humidity,28
2025-06-05,19:28:43,1,temperature,88
2025-06-05,19:28:43,1,humidity,16
2025-06-05,19:28:46,1,temperature,9
2025-06-05,19:28:46,1,humidity,22
2025-06-05,19:28:49,1,temperature,66
2025-06-05,19:28:49,1,humidity,63
2025-06-05,19:28:52,1,temperature,7
2025-06-05,19:28:52,1,humidity,92
2025-06-05,19:28:55,1,temperature,59
2025-06-05,19:28:55,1,humidity,73
2025-06-05,19:28:58,1,temperature,42
2025-06-05,19:28:58,1,humidity,97
2025-06-05,19:29:01,1,temperature,14
2025-06-05,19:29:01,1,humidity,39
2025-06-05,19:29:04,1,temperature,86
2025-06-05,19:29:04,1,humidity,99
2025-06-05,19:29:07,1,temperature,54
2025-06-05,19:29:07,1,humidity,42
2025-06-05,19:29:10,1,temperature,76
2025-06-05,19:29:10,1,humidity,64
2025-06-05,19:29:13,1,temperature,24
2025-06-05,19:29:13,1,humidity,94
2025-06-05,19:29:16,1,temperature,65
2025-06-05,19:29:16,1,humidity,41
2025-06-05,19:29:19,1,temperature,74
2025-06-05,19:29:19,1,humidity,13
2025-06-05,19:29:22,1,temperature,51
2025-06-05,19:29:22,1,humidity,13
2025-06-05,19:29:25,1,temperature,96
2025-06-05,19:29:25,1,humidity,19
2025-06-05,19:29:28,1,temperature,11
2025-06-05,19:29:28,1,humidity,16
2025-06-05,19:29:31,1,temperature,64
2025-06-05,19:29:31,1,humidity,59
2025-06-05,19:29:34,1,temperature,96
2025-06-05,19:29:34,1,humidity,83
2025-06-05,19:29:37,1,temperature,33
2025-06-05,19:29:37,1,humidity,60
2025-06-05,19:29:40,1,temperature,15
2025-06-05,19:29:40,1,humidity,10
2025-06-05,19:29:43,1,temperature,53
2025-06-05,19:29:43,1,humidity,29
2025-06-05,19:29:46,1,temperature,68
2025-06-05,19:29:46,1,humidity,10
2025-06-05,19:29:49,1,temperature,53
2025-06-05,19:29:49,1,humidity,80
2025-06-05,19:29:52,1,temperature,6
2025-06-05,19:29:52,1,humidity,24
2025-06-05,19:29:55,1,temperature,68
2025-06-05,19:29:55,1,humidity,67
2025-06-05,19:29:58,1,temperature,9
2025-06-05,19:29:58,1,humidity,54
2025-06-05,19:30:01,1,temperature,99
2025-06-05,19:30:01,1,humidity,36
2025-06-05,19:30:04,1,temperature,43
2025-06-05,19:30:04,1,humidity,14
2025-06-05,19:30:07,1,temperature,58
2025-06-05,19:30:07,1,humidity,2
2025-06-05,19:30:10,1,temperature,53
2025-06-05,19:30:10,1,humidity,60
2025-06-05,19:30:13,1,temperature,27
2025-06-05,19:30:13,1,humidity,14
2025-06-05,19:30:16,1,temperature,72
2025-06-05,19:30:16,1,humidity,96
2025-06-05,19:30:19,1,temperature,29
2025-06-05,19:30:19,1,humidity,10
2025-06-05,19:30:22,1,temperature,76
2025-06-05,19:30:22,1,humidity,11
2025-06-05,19:30:25,1,temperature,42
2025-06-05,19:30:25,1,humidity,26
2025-06-05,19:30:28,1,temperature,99
2025-06-05,19:30:28,1,humidity,6
2025-06-05,19:30:31,1,temperature,74
2025-06-05,19:30:31,1,humidity,11
2025-06-05,19:30:34,1,temperature,43
2025-06-05,19:30:34,1,humidity,22
2025-06-05,19:30:37,1,temperature,99
2025-06-05,19:30:37,1,humidity,2
2025-06-05,19:30:40,1,temperature,61
2025-06-05,19:30:40,1,humidity,81
2025-06-05,19:30:43,1,temperature,22
2025-06-05,19:30:43,1,humidity,39
2025-06-05,19:30:46,1,temperature,4
2025-06-05,19:30:46,1,humidity,39
2025-06-05,19:30:49,1,temperature,29
2025-06-05,19:30:49,1,humidity,20
2025-06-05,19:30:52,1,temperature,23
2025-06-05,19:30:52,1,humidity,26
2025-06-05,19:30:55,1,temperature,83
2025-06-05,19:30:55,1,humidity,46
2025-06-05,19:30:58,1,temperature,63
2025-06-05,19:30:58,1,humidity,9
2025-06-05,19:31:01,1,temperature,5
2025-06-05,19:31:01,1,humidity,45
2025-06-05,19:31:04,1,temperature,55
2025-06-05,19:31:04,1,humidity,20
2025-06-05,19:31:07,1,temperature,33
2025-06-05,19:31:07,1,humidity,29
2025-06-05,19:31:10,1,temperature,58
2025-06-05,19:31:10,1,humidity,16
2025-06-05,19:31:13,1,temperature,18
2025-06-05,19:31:13,1,humidity,36
2025-06-05,19:31:16,1,temperature,22
2025-06-05,19:31:16,1,humidity,5
2025-06-05,19:31:19,1,temperature,17
2025-06-05,19:31:19,1,humidity,74
2025-06-05,19:31:22,1,temperature,43
2025-06-05,19:31:22,1,humidity,55
2025-06-05,19:31:25,1,temperature,46
2025-06-05,19:31:25,1,humidity,5
2025-06-05,19:31:28,1,temperature,32
2025-06-05,19:31:28,1,humidity,67
2025-06-05,19:31:31,1,temperature,43
2025-06-05,19:31:31,1,humidity,72
2025-06-05,19:31:34,1,temperature,13
2025-06-05,19:31:34,1,humidity,87
2025-06-05,19:31:37,1,temperature,70
2025-06-05,19:31:37,1,humidity,38
2025-06-05,19:31:40,1,temperature,74
2025-06-05,19:31:40,1,humidity,54
2025-06-05,19:31:43,1,temperature,34
2025-06-05,19:31:43,1,humidity,81
2025-06-05,19:31:46,1,temperature,24
2025-06-05,19:31:46,1,humidity,40
2025-06-05,19:31:49,1,temperature,11
2025-06-05,19:31:49,1,humidity,54
2025-06-05,19:31:52,1,temperature,98
2025-06-05,19:31:52,1,humidity,78
2025-06-05,19:31:55,1,temperature,9
2025-06-05,19:31:55,1,humidity,34
2025-06-05,19:31:58,1,temperature,29
2025-06-05,19:31:58,1,humidity,1
2025-06-05,19:32:01,1,temperature,90
2025-06-05,19:32:01,1,humidity,83
2025-06-05,19:32:04,1,temperature,11
2025-06-05,19:32:04,1,humidity,24
2025-06-05,19:32:07,1,temperature,5
2025-06-05,19:32:07,1,humidity,45
2025-06-05,19:32:10,1,temperature,39
2025-06-05,19:32:10,1,humidity,64
2025-06-05,19:32:13,1,temperature,86
2025-06-05,19:32:13,1,humidity,45
2025-06-05,19:32:16,1,temperature,5
2025-06-05,19:32:16,1,humidity,25
2025-06-05,19:32:19,1,temperature,45
2025-06-05,19:32:19,1,humidity,95
2025-06-05,19:32:22,1,temperature,44
2025-06-05,19:32:22,1,humidity,22
2025-06-05,19:32:25,1,temperature,59
2025-06-05,19:32:25,1,humidity,49
2025-06-05,19:32:28,1,temperature,20
2025-06-05,19:32:28,1,humidity,50
2025-06-05,19:32:31,1,temperature,74
2025-06-05,19:32:31,1,humidity,78
2025-06-05,19:32:34,1,temperature,39
2025-06-05,19:32:34,1,humidity,47
2025-06-05,19:32:37,1,temperature,47
2025-06-05,19:32:37,1,humidity,21
2025-06-05,19:32:40,1,temperature,16
2025-06-05,19:32:40,1,humidity,85
2025-06-05,19:32:43,1,temperature,100
2025-06-05,19:32:43,1,humidity,1
2025-06-05,19:32:46,1,temperature,37
2025-06-05,19:32:46,1,humidity,29
2025-06-05,19:32:49,1,temperature,48
2025-06-05,19:32:49,1,humidity,32
2025-06-05,19:32:52,1,temperature,48
2025-06-05,19:32:52,1,humidity,3
2025-06-05,19:32:55,1,temperature,66
2025-06-05,19:32:55,1,humidity,3
2025-06-05,19:32:58,1,temperature,61
2025-06-05,19:32:58,1,humidity,20
2025-06-05,19:33:01,1,temperature,20
2025-06-05,19:33:01,1,humidity,25
2025-06-05,19:33:04,1,temperature,72
2025-06-05,19:33:04,1,humidity,79
2025-06-05,19:33:07,1,temperature,11
2025-06-05,19:33:07,1,humidity,50
2025-06-05,19:33:10,1,temperature,60
2025-06-05,19:33:10,1,humidity,82
2025-06-05,19:33:13,1,temperature,4
2025-06-05,19:33:13,1,humidity,59
2025-06-05,19:33:16,1,temperature,32
2025-06-05,19:33:16,1,humidity,19
2025-06-05,19:33:19,1,temperature,65
2025-06-05,19:33:19,1,humidity,98
2025-06-05,19:33:22,1,temperature,67
2025-06-05,19:33:22,1,humidity,66
2025-06-05,19:33:25,1,temperature,35
2025-06-05,19:33:25,1,humidity,43
2025-06-05,19:33:28,1,temperature,36
2025-06-05,19:33:28,1,humidity,7
2025-06-05,19:33:31,1,temperature,6
2025-06-05,19:33:31,1,humidity,72
2025-06-05,19:33:34,1,temperature,21
2025-06-05,19:33:34,1,humidity,20
2025-06-05,19:33:37,1,temperature,35
2025-06-05,19:33:37,1,humidity,17
2025-06-05,19:33:40,1,temperature,8
2025-06-05,19:33:40,1,humidity,49
2025-06-05,19:33:43,1,temperature,26
2025-06-05,19:33:43,1,humidity,96
2025-06-05,19:33:46,1,temperature,43
2025-06-05,19:33:46,1,humidity,43
2025-06-05,19:33:49,1,temperature,24
2025-06-05,19:33:49,1,humidity,44
2025-06-05,19:33:52,1,temperature,86
2025-06-05,19:33:52,1,humidity,19
2025-06-05,19:33:55,1,temperature,67
2025-06-05,19:33:55,1,humidity,17
2025-06-05,19:33:58,1,temperature,90
2025-06-05,19:33:58,1,humidity,15
2025-06-05,19:34:01,1,temperature,20
2025-06-05,19:34:01,1,humidity,25
2025-06-05,19:34:04,1,temperature,2
2025-06-05,19:34:04,1,humidity,54
2025-06-05,19:34:07,1,temperature,91
2025-06-05,19:34:07,1,humidity,89
2025-06-05,19:34:10,1,temperature,17
2025-06-05,19:34:10,1,humidity,35
2025-06-05,19:34:13,1,temperature,34
2025-06-05,19:34:13,1,humidity,88
2025-06-05,19:34:16,1,temperature,93
2025-06-05,19:34:16,1,humidity,79
2025-06-05,19:34:19,1,temperature,32
2025-06-05,19:34:19,1,humidity,37
2025-06-05,19:34:22,1,temperature,99
2025-06-05,19:34:22,1,humidity,9
2025-06-05,19:34:25,1,temperature,88
2025-06-05,19:34:25,1,humidity,12
2025-06-05,19:34:28,1,temperature,59
2025-06-05,19:34:28,1,humidity,14
2025-06-05,19:34:31,1,temperature,52
2025-06-05,19:34:31,1,humidity,21
2025-06-05,19:34:34,1,temperature,90
2025-06-05,19:34:34,1,humidity,6
2025-06-05,19:34:37,1,temperature,13
2025-06-05,19:34:37,1,humidity,13
2025-06-05,19:34:40,1,temperature,87
2025-06-05,19:34:40,1,humidity,1
2025-06-05,19:34:43,1,temperature,41
2025-06-05,19:34:43,1,humidity,13
2025-06-05,19:34:46,1,temperature,15
2025-06-05,19:34:46,1,humidity,92
2025-06-05,19:34:49,1,temperature,29
2025-06-05,19:34:49,1,humidity,3
2025-06-05,19:34:52,1,temperature,70
2025-06-05,19:34:52,1,humidity,7
2025-06-05,19:34:55,1,temperature,27
2025-06-05,19:34:55,1,humidity,45
2025-06-05,19:34:58,1,temperature,37
2025-06-05,19:34:58,1,humidity,60
2025-06-05,19:35:01,1,temperature,30
2025-06-05,19:35:01,1,humidity,12
2025-06-05,19:35:04,1,temperature,57
2025-06-05,19:35:04,1,humidity,46
2025-06-05,19:35:07,1,temperature,48
2025-06-05,19:35:07,1,humidity,11
2025-06-05,19:35:10,1,temperature,5
2025-06-05,19:35:10,1,humidity,46
2025-06-05,19:35:13,1,temperature,72
2025-06-05,19:35:13,1,humidity,63
2025-06-05,19:35:16,1,temperature,11
2025-06-05,19:35:16,1,humidity,75
2025-06-05,19:35:19,1,temperature,42
2025-06-05,19:35:19,1,humidity,52
2025-06-05,19:35:22,1,temperature,2
2025-06-05,19:35:22,1,humidity,61
2025-06-05,19:35:25,1,temperature,85
2025-06-05,19:35:25,1,humidity,17
2025-06-05,19:35:28,1,temperature,44
2025-06-05,19:35:28,1,humidity,91
2025-06-05,19:35:31,1,temperature,12
2025-06-05,19:35:31,1,humidity,61
2025-06-05,19:35:34,1,temperature,1
2025-06-05,19:35:34,1,humidity,23
2025-06-05,19:35:37,1,temperature,39
2025-06-05,19:35:37,1,humidity,50
2025-06-05,19:35:40,1,temperature,23
2025-06-05,19:35:40,1,humidity,83
2025-06-05,19:35:43,1,temperature,10
2025-06-05,19:35:43,1,humidity,17
2025-06-05,19:35:46,1,temperature,44
2025-06-05,19:35:46,1,humidity,21
2025-06-05,19:35:49,1,temperature,26
2025-06-05,19:35:49,1,humidity,65
2025-06-05,19:35:52,1,temperature,1
2025-06-05,19:35:52,1,humidity,54
2025-06-05,19:35:55,1,temperature,1
2025-06-05,19:35:55,1,humidity,22
2025-06-05,19:35:58,1,temperature,37
2025-06-05,19:35:58,1,humidity,16
2025-06-05,19:36:01,1,temperature,9
2025-06-05,19:36:01,1,humidity,25
2025-06-05,19:36:04,1,temperature,72
2025-06-05,19:36:04,1,humidity,22
2025-06-05,19:36:07,1,temperature,16
2025-06-05,19:36:07,1,humidity,98
2025-06-05,19:36:10,1,temperature,89
2025-06-05,19:36:10,1,humidity,90
2025-06-05,19:36:13,1,temperature,54
2025-06-05,19:36:13,1,humidity,10
2025-06-05,19:36:16,1,temperature,66
2025-06-05,19:36:16,1,humidity,2
2025-06-05,19:36:19,1,temperature,14
2025-06-05,19:36:19,1,humidity,63
2025-06-05,19:36:22,1,temperature,62
2025-06-05,19:36:22,1,humidity,4
2025-06-05,19:36:25,1,temperature,89
2025-06-05,19:36:25,1,humidity,4
2025-06-05,19:36:28,1,temperature,42
2025-06-05,19:36:28,1,humidity,32
2025-06-05,19:36:31,1,temperature,1
2025-06-05,19:36:31,1,humidity,23
2025-06-05,19:36:34,1,temperature,7
2025-06-05,19:36:34,1,humidity,87
2025-06-05,19:36:37,1,temperature,91
2025-06-05,19:36:37,1,humidity,43
2025-06-05,19:36:40,1,temperature,37
2025-06-05,19:36:40,1,humidity,15
2025-06-05,19:36:43,1,temperature,15
2025-06-05,19:36:43,1,humidity,87
2025-06-05,19:36:46,1,temperature,62
2025-06-05,19:36:46,1,humidity,33
2025-06-05,19:36:49,1,temperature,14
2025-06-05,19:36:49,1,humidity,72
2025-06-05,19:36:52,1,temperature,45
2025-06-05,19:36:52,1,humidity,35
2025-06-05,19:36:55,1,temperature,25
2025-06-05,19:36:55,1,humidity,32
2025-06-05,19:36:58,1,temperature,15
2025-06-05,19:36:58,1,humidity,27
2025-06-05,19:37:01,1,temperature,88
2025-06-05,19:37:01,1,humidity,64
2025-06-05,19:37:04,1,temperature,4
2025-06-05,19:37:04,1,humidity,77
2025-06-05,19:37:07,1,temperature,37
2025-06-05,19:37:07,1,humidity,67
2025-06-05,19:37:10,1,temperature,76
2025-06-05,19:37:10,1,humidity,24
2025-06-05,19:37:13,1,temperature,87
2025-06-05,19:37:13,1,humidity,73
2025-06-05,19:37:16,1,temperature,44
2025-06-05,19:37:16,1,humidity,11
2025-06-05,19:37:19,1,temperature,49
2025-06-05,19:37:19,1,humidity,66
2025-06-05,19:37:22,1,temperature,28
2025-06-05,19:37:22,1,humidity,55
2025-06-05,19:37:25,1,temperature,42
2025-06-05,19:37:25,1,humidity,74
2025-06-05,19:37:28,1,temperature,94
2025-06-05,19:37:28,1,humidity,79
2025-06-05,19:37:31,1,temperature,69
2025-06-05,19:37:31,1,humidity,37
2025-06-05,19:37:34,1,temperature,56
2025-06-05,19:37:34,1,humidity,65
2025-06-05,19:37:37,1,temperature,80
2025-06-05,19:37:37,1,humidity,9
2025-06-05,19:37:40,1,temperature,32
2025-06-05,19:37:40,1,humidity,77
2025-06-05,19:37:43,1,temperature,39
2025-06-05,19:37:43,1,humidity,1
2025-06-05,19:37:46,1,temperature,39
2025-06-05,19:37:46,1,humidity,83
2025-06-05,19:37:49,1,temperature,91
2025-06-05,19:37:49,1,humidity,23
2025-06-05,19:37:52,1,temperature,29
2025-06-05,19:37:52,1,humidity,63
2025-06-05,19:37:55,1,temperature,12
2025-06-05,19:37:55,1,humidity,63
2025-06-05,19:37:58,1,temperature,97
2025-06-05,19:37:58,1,humidity,6
2025-06-05,19:38:01,1,temperature,87
2025-06-05,19:38:01,1,humidity,96
2025-06-05,19:38:04,1,temperature,68
2025-06-05,19:38:04,1,humidity,48
2025-06-05,19:38:07,1,temperature,53
2025-06-05,19:38:07,1,humidity,27
2025-06-05,19:38:10,1,temperature,62
2025-06-05,19:38:10,1,humidity,95
2025-06-05,19:38:13,1,temperature,9
2025-06-05,19:38:13,1,humidity,98
2025-06-05,19:38:16,1,temperature,67
2025-06-05,19:38:16,1,humidity,94
2025-06-05,19:38:19,1,temperature,14
2025-06-05,19:38:19,1,humidity,7
2025-06-05,19:38:23,1,temperature,32
2025-06-05,19:38:23,1,humidity,77
2025-06-05,19:38:26,1,temperature,10
2025-06-05,19:38:26,1,humidity,86
2025-06-05,19:38:29,1,temperature,87
2025-06-05,19:38:29,1,humidity,43
2025-06-05,19:38:32,1,temperature,11
2025-06-05,19:38:32,1,humidity,88
2025-06-05,19:38:35,1,temperature,3
2025-06-05,19:38:35,1,humidity,30
2025-06-05,19:38:38,1,temperature,59
2025-06-05,19:38:38,1,humidity,100
2025-06-05,19:38:41,1,temperature,1
2025-06-05,19:38:41,1,humidity,20
2025-06-05,19:38:44,1,temperature,50
2025-06-05,19:38:44,1,humidity,89
2025-06-05,19:38:47,1,temperature,65
2025-06-05,19:38:47,1,humidity,68
2025-06-05,19:38:50,1,temperature,22
2025-06-05,19:38:50,1,humidity,4
2025-06-05,19:38:53,1,temperature,32
2025-06-05,19:38:53,1,humidity,40
2025-06-05,19:38:56,1,temperature,69
2025-06-05,19:38:56,1,humidity,33
2025-06-05,19:38:59,1,temperature,10
2025-06-05,19:38:59,1,humidity,74
2025-06-05,19:39:02,1,temperature,49
2025-06-05,19:39:02,1,humidity,14
2025-06-05,19:39:05,1,temperature,17
2025-06-05,19:39:05,1,humidity,66
2025-06-05,19:39:08,1,temperature,14
2025-06-05,19:39:08,1,humidity,24
2025-06-05,19:39:11,1,temperature,48
2025-06-05,19:39:11,1,humidity,23
2025-06-05,19:39:14,1,temperature,91
2025-06-05,19:39:14,1,humidity,33
2025-06-05,19:39:17,1,temperature,94
2025-06-05,19:39:17,1,humidity,33
2025-06-05,19:39:20,1,temperature,27
2025-06-05,19:39:20,1,humidity,19
2025-06-05,19:39:23,1,temperature,38
2025-06-05,19:39:23,1,humidity,34
2025-06-05,19:39:26,1,temperature,26
2025-06-05,19:39:26,1,humidity,26
2025-06-05,19:39:29,1,temperature,76
2025-06-05,19:39:29,1,humidity,16
2025-06-05,19:39:32,1,temperature,63
2025-06-05,19:39:32,1,humidity,88
2025-06-05,19:39:35,1,temperature,14
2025-06-05,19:39:35,1,humidity,87
2025-06-05,19:39:38,1,temperature,51
2025-06-05,19:39:38,1,humidity,65
2025-06-05,19:39:41,1,temperature,53
2025-06-05,19:39:41,1,humidity,80
2025-06-05,19:39:44,1,temperature,80
2025-06-05,19:39:44,1,humidity,49
2025-06-05,19:39:47,1,temperature,22
2025-06-05,19:39:47,1,humidity,98
2025-06-05,19:39:50,1,temperature,32
2025-06-05,19:39:50,1,humidity,40
2025-06-05,19:39:53,1,temperature,68
2025-06-05,19:39:53,1,humidity,12
2025-06-05,19:39:56,1,temperature,56
2025-06-05,19:39:56,1,humidity,86
2025-06-05,19:39:59,1,temperature,23
2025-06-05,19:39:59,1,humidity,12
2025-06-05,19:40:02,1,temperature,3
2025-06-05,19:40:02,1,humidity,8
2025-06-05,19:40:05,1,temperature,26
2025-06-05,19:40:05,1,humidity,91
2025-06-05,19:40:08,1,temperature,97
2025-06-05,19:40:08,1,humidity,76
2025-06-05,19:40:11,1,temperature,72
2025-06-05,19:40:11,1,humidity,36
2025-06-05,19:40:14,1,temperature,70
2025-06-05,19:40:14,1,humidity,38
2025-06-05,19:40:17,1,temperature,21
2025-06-05,19:40:17,1,humidity,33
2025-06-05,19:40:20,1,temperature,54
2025-06-05,19:40:20,1,humidity,10
2025-06-05,19:40:23,1,temperature,68
2025-06-05,19:40:23,1,humidity,20
2025-06-05,19:40:26,1,temperature,62
2025-06-05,19:40:26,1,humidity,99
2025-06-05,19:40:29,1,temperature,9
2025-06-05,19:40:29,1,humidity,72
2025-06-05,19:40:32,1,temperature,51
2025-06-05,19:40:32,1,humidity,69
2025-06-05,19:40:35,1,temperature,58
2025-06-05,19:40:35,1,humidity,53
2025-06-05,19:40:38,1,temperature,10
2025-06-05,19:40:38,1,humidity,24
2025-06-05,19:40:41,1,temperature,74
2025-06-05,19:40:41,1,humidity,9
2025-06-05,19:40:44,1,temperature,76
2025-06-05,19:40:44,1,humidity,99
2025-06-05,19:40:47,1,temperature,94
2025-06-05,19:40:47,1,humidity,37
2025-06-05,19:40:50,1,temperature,29
2025-06-05,19:40:50,1,humidity,69
2025-06-05,19:40:53,1,temperature,14
2025-06-05,19:40:53,1,humidity,43
2025-06-05,19:40:56,1,temperature,84
2025-06-05,19:40:56,1,humidity,92
2025-06-05,19:40:59,1,temperature,73
2025-06-05,19:40:59,1,humidity,94
2025-06-05,19:41:02,1,temperature,30
2025-06-05,19:41:02,1,humidity,94
2025-06-05,19:41:05,1,temperature,26
2025-06-05,19:41:05,1,humidity,89
2025-06-05,19:41:08,1,temperature,99
2025-06-05,19:41:08,1,humidity,32
2025-06-05,19:41:11,1,temperature,64
2025-06-05,19:41:11,1,humidity,37
2025-06-05,19:41:14,1,temperature,22
2025-06-05,19:41:14,1,humidity,33
2025-06-05,19:41:17,1,temperature,20
2025-06-05,19:41:17,1,humidity,24
2025-06-05,19:41:20,1,temperature,95
2025-06-05,19:41:20,1,humidity,74
2025-06-05,19:41:23,1,temperature,74
2025-06-05,19:41:23,1,humidity,1
2025-06-05,19:41:26,1,temperature,29
2025-06-05,19:41:26,1,humidity,39
2025-06-05,19:41:29,1,temperature,53
2025-06-05,19:41:29,1,humidity,55
2025-06-05,19:41:32,1,temperature,89
2025-06-05,19:41:32,1,humidity,95
2025-06-05,19:41:35,1,temperature,33
2025-06-05,19:41:35,1,humidity,22
2025-06-05,19:41:38,1,temperature,32
2025-06-05,19:41:38,1,humidity,35
2025-06-05,19:41:41,1,temperature,94
2025-06-05,19:41:41,1,humidity,21
2025-06-05,19:41:44,1,temperature,92
2025-06-05,19:41:44,1,humidity,85
2025-06-05,19:41:47,1,temperature,28
2025-06-05,19:41:47,1,humidity,16
2025-06-05,19:41:50,1,temperature,74
2025-06-05,19:41:50,1,humidity,58
2025-06-05,19:41:53,1,temperature,70
2025-06-05,19:41:53,1,humidity,16
2025-06-05,19:41:56,1,temperature,32
2025-06-05,19:41:56,1,humidity,48
2025-06-05,19:41:59,1,temperature,4
2025-06-05,19:41:59,1,humidity,86
2025-06-05,19:42:02,1,temperature,52
2025-06-05,19:42:02,1,humidity,72
2025-06-05,19:42:05,1,temperature,36
2025-06-05,19:42:05,1,humidity,77
2025-06-05,19:42:08,1,temperature,79
2025-06-05,19:42:08,1,humidity,14
2025-06-05,19:42:11,1,temperature,69
2025-06-05,19:42:11,1,humidity,32
2025-06-05,19:42:14,1,temperature,51
2025-06-05,19:42:14,1,humidity,66
2025-06-05,19:42:17,1,temperature,67
2025-06-05,19:42:17,1,humidity,76
2025-06-05,19:42:20,1,temperature,17
2025-06-05,19:42:20,1,humidity,44
2025-06-05,19:42:23,1,temperature,54
2025-06-05,19:42:23,1,humidity,93
2025-06-05,19:42:26,1,temperature,36
2025-06-05,19:42:26,1,humidity,13
2025-06-05,19:42:29,1,temperature,88
2025-06-05,19:42:29,1,humidity,26
2025-06-05,19:42:32,1,temperature,76
2025-06-05,19:42:32,1,humidity,32
2025-06-05,19:42:35,1,temperature,71
2025-06-05,19:42:35,1,humidity,3
2025-06-05,19:42:38,1,temperature,47
2025-06-05,19:42:38,1,humidity,96
2025-06-05,19:42:41,1,temperature,11
2025-06-05,19:42:41,1,humidity,81
2025-06-05,19:42:44,1,temperature,99
2025-06-05,19:42:44,1,humidity,68
2025-06-05,19:42:47,1,temperature,36
2025-06-05,19:42:47,1,humidity,7
2025-06-05,19:42:50,1,temperature,24
2025-06-05,19:42:50,1,humidity,43
2025-06-05,19:42:53,1,temperature,85
2025-06-05,19:42:53,1,humidity,90
2025-06-05,19:42:56,1,temperature,91
2025-06-05,19:42:56,1,humidity,40
2025-06-05,19:42:59,1,temperature,26
2025-06-05,19:42:59,1,humidity,100
2025-06-05,19:43:02,1,temperature,55
2025-06-05,19:43:02,1,humidity,37
2025-06-05,19:43:05,1,temperature,6
2025-06-05,19:43:05,1,humidity,20
2025-06-05,19:43:08,1,temperature,80
2025-06-05,19:43:08,1,humidity,75
2025-06-05,19:43:11,1,temperature,93
2025-06-05,19:43:11,1,humidity,21
2025-06-05,19:43:14,1,temperature,83
2025-06-05,19:43:14,1,humidity,5
2025-06-05,19:43:17,1,temperature,18
2025-06-05,19:43:17,1,humidity,81
2025-06-05,19:43:20,1,temperature,75
2025-06-05,19:43:20,1,humidity,29
2025-06-05,19:43:23,1,temperature,31
2025-06-05,19:43:23,1,humidity,59
2025-06-05,19:43:26,1,temperature,4
2025-06-05,19:43:26,1,humidity,69
2025-06-05,19:43:29,1,temperature,6
2025-06-05,19:43:29,1,humidity,70
2025-06-05,19:43:32,1,temperature,29
2025-06-05,19:43:32,1,humidity,84
2025-06-05,19:43:35,1,temperature,91
2025-06-05,19:43:35,1,humidity,60
2025-06-05,19:43:38,1,temperature,26
2025-06-05,19:43:38,1,humidity,100
2025-06-05,19:43:41,1,temperature,70
2025-06-05,19:43:41,1,humidity,82
2025-06-05,19:43:44,1,temperature,88
2025-06-05,19:43:44,1,humidity,93
2025-06-05,19:43:47,1,temperature,16
2025-06-05,19:43:47,1,humidity,63
2025-06-05,19:43:50,1,temperature,61
2025-06-05,19:43:50,1,humidity,21
2025-06-05,19:43:53,1,temperature,73
2025-06-05,19:43:53,1,humidity,70
2025-06-05,19:43:56,1,temperature,78
2025-06-05,19:43:56,1,humidity,62
2025-06-05,19:43:59,1,temperature,21
2025-06-05,19:43:59,1,humidity,66
2025-06-05,19:44:02,1,temperature,47
2025-06-05,19:44:02,1,humidity,75
2025-06-05,19:44:05,1,temperature,18
2025-06-05,19:44:05,1,humidity,42
2025-06-05,19:44:08,1,temperature,23
2025-06-05,19:44:08,1,humidity,34
2025-06-05,19:44:11,1,temperature,79
2025-06-05,19:44:11,1,humidity,29
2025-06-05,19:44:14,1,temperature,44
2025-06-05,19:44:14,1,humidity,37
2025-06-05,19:44:17,1,temperature,85
2025-06-05,19:44:17,1,humidity,59
2025-06-05,19:44:20,1,temperature,93
2025-06-05,19:44:20,1,humidity,84
2025-06-05,19:44:23,1,temperature,942025-06-05,21:06:13,1,temperature,78
2025-06-05,21:06:13,1,humidity,13
2025-06-05,21:19:38,1,temperature,91
2025-06-05,21:19:38,1,humidity,98
2025-06-05,21:19:41,1,temperature,99
2025-06-05,21:19:41,1,humidity,36
2025-06-05,21:19:44,1,temperature,50
2025-06-05,21:19:44,1,humidity,79
2025-06-05,21:19:47,1,temperature,89
2025-06-05,21:19:47,1,humidity,91
2025-06-05,21:19:50,1,temperature,76
2025-06-05,21:19:50,1,humidity,10
2025-06-05,21:19:53,1,temperature,49
2025-06-05,21:19:53,1,humidity,81
2025-06-05,21:19:56,1,temperature,62
2025-06-05,21:19:56,1,humidity,67
2025-06-05,21:19:59,1,temperature,40
2025-06-05,21:19:59,1,humidity,96
2025-06-05,21:20:02,1,temperature,15
2025-06-05,21:20:02,1,humidity,96
2025-06-05,21:20:05,1,temperature,41
2025-06-05,21:20:05,1,humidity,63
2025-06-05,21:20:08,1,temperature,5
2025-06-05,21:20:08,1,humidity,41
2025-06-05,21:20:11,1,temperature,18
2025-06-05,21:20:11,1,humidity,41
2025-06-05,21:20:14,1,temperature,59
2025-06-05,21:20:14,1,humidity,5
2025-06-05,21:20:17,1,temperature,36
2025-06-05,21:20:17,1,humidity,42
2025-06-05,21:20:20,1,temperature,67
2025-06-05,21:20:20,1,humidity,76
2025-06-05,21:20:23,1,temperature,64
2025-06-05,21:20:23,1,humidity,56
2025-06-05,21:20:26,1,temperature,81
2025-06-05,21:20:26,1,humidity,77
2025-06-05,21:20:29,1,temperature,89
2025-06-05,21:20:29,1,humidity,30
2025-06-05,21:20:32,1,temperature,83
2025-06-05,21:20:32,1,humidity,74
2025-06-05,21:20:41,1,temperature,57
2025-06-05,21:20:41,1,humidity,99
2025-06-05,21:20:44,1,temperature,90
2025-06-05,21:20:44,1,humidity,74
2025-06-05,21:20:47,1,temperature,44
2025-06-05,21:20:47,1,humidity,39
2025-06-05,21:20:50,1,temperature,11
2025-06-05,21:20:50,1,humidity,66
2025-06-05,21:20:53,1,temperature,24
2025-06-05,21:20:53,1,humidity,26
2025-06-05,21:20:56,1,temperature,95
2025-06-05,21:20:56,1,humidity,95
2025-06-05,21:20:59,1,temperature,8
2025-06-05,21:20:59,1,humidity,77
2025-06-05,21:21:02,1,temperature,42
2025-06-05,21:21:02,1,humidity,23
2025-06-05,21:21:05,1,temperature,58
2025-06-05,21:21:05,1,humidity,30
2025-06-05,21:21:08,1,temperature,96
2025-06-05,21:21:08,1,humidity,80
2025-06-05,21:21:11,1,temperature,69
2025-06-05,21:21:11,1,humidity,40
2025-06-05,21:21:14,1,temperature,40
2025-06-05,21:21:14,1,humidity,70
2025-06-05,21:21:17,1,temperature,53
2025-06-05,21:21:17,1,humidity,59
2025-06-05,21:21:20,1,temperature,70
2025-06-05,21:21:20,1,humidity,83
2025-06-05,21:21:23,1,temperature,64
2025-06-05,21:21:23,1,humidity,94
2025-06-05,21:21:26,1,temperature,66
2025-06-05,21:21:26,1,humidity,11
2025-06-05,21:21:29,1,temperature,28
2025-06-05,21:21:29,1,humidity,58
2025-06-05,21:21:32,1,temperature,98
2025-06-05,21:21:32,1,humidity,28
2025-06-05,21:21:35,1,temperature,98
2025-06-05,21:21:35,1,humidity,81
2025-06-05,21:21:38,1,temperature,33
2025-06-05,21:21:38,1,humidity,41
2025-06-05,21:21:41,1,temperature,98
2025-06-05,21:21:41,1,humidity,99
2025-06-05,21:21:44,1,temperature,67
2025-06-05,21:21:44,1,humidity,42
2025-06-05,21:21:47,1,temperature,48
2025-06-05,21:21:47,1,humidity,97
2025-06-05,21:21:50,1,temperature,95
2025-06-05,21:21:50,1,humidity,41
2025-06-05,21:21:53,1,temperature,57
2025-06-05,21:21:53,1,humidity,14
2025-06-05,21:25:27,1,temperature,79
2025-06-05,21:25:27,1,humidity,41
2025-06-05,21:35:24,1,temperature,24
2025-06-05,21:35:24,1,humidity,71
2025-06-05,21:41:10,1,temperature,18
2025-06-05,21:41:10,1,humidity,82
2025-06-05,21:41:13,1,temperature,47
2025-06-05,21:41:13,1,humidity,53
2025-06-05,21:41:16,1,temperature,52
2025-06-05,21:41:16,1,humidity,5
2025-06-05,21:41:19,1,temperature,24
2025-06-05,21:41:19,1,humidity,17
2025-06-05,21:41:22,1,temperature,15
2025-06-05,21:41:22,1,humidity,80
2025-06-05,21:41:25,1,temperature,58
2025-06-05,21:41:25,1,humidity,97
2025-06-05,21:41:28,1,temperature,81
2025-06-05,21:41:28,1,humidity,93
2025-06-05,21:41:31,1,temperature,11
2025-06-05,21:41:31,1,humidity,42
2025-06-05,21:41:34,1,temperature,95
2025-06-05,21:41:34,1,humidity,74
2025-06-05,21:41:37,1,temperature,36
2025-06-05,21:41:37,1,humidity,20
2025-06-05,21:41:40,1,temperature,29
2025-06-05,21:41:40,1,humidity,52
2025-06-05,21:41:43,1,temperature,16
2025-06-05,21:41:43,1,humidity,69
2025-06-05,21:41:46,1,temperature,98
2025-06-05,21:41:46,1,humidity,12
2025-06-05,21:41:49,1,temperature,17
2025-06-05,21:41:49,1,humidity,7
2025-06-05,21:41:52,1,temperature,47
2025-06-05,21:41:52,1,humidity,83
2025-06-05,21:41:55,1,temperature,57
2025-06-05,21:41:55,1,humidity,45
2025-06-05,21:41:58,1,temperature,80
2025-06-05,21:41:58,1,humidity,59
2025-06-05,21:42:01,1,temperature,14
2025-06-05,21:42:01,1,humidity,23
2025-06-05,21:42:04,1,temperature,28
2025-06-05,21:42:04,1,humidity,29
2025-06-05,21:42:07,1,temperature,95
2025-06-05,21:42:07,1,humidity,1
2025-06-05,21:42:13,1,temperature,52
2025-06-05,21:42:13,1,humidity,55
2025-06-05,21:42:16,1,temperature,43
2025-06-05,21:42:16,1,humidity,6
2025-06-05,21:42:19,1,temperature,13
2025-06-05,21:42:19,1,humidity,37
2025-06-05,21:42:22,1,temperature,34
2025-06-05,21:42:22,1,humidity,64
2025-06-05,21:42:25,1,temperature,18
2025-06-05,21:42:25,1,humidity,56
2025-06-05,21:42:28,1,temperature,29
2025-06-05,21:42:28,1,humidity,84
2025-06-05,21:42:31,1,temperature,7
2025-06-05,21:42:31,1,humidity,35
2025-06-05,21:42:34,1,temperature,2
2025-06-05,21:42:34,1,humidity,96
2025-06-05,21:42:37,1,temperature,54
2025-06-05,21:42:37,1,humidity,55
2025-06-05,21:42:40,1,temperature,20
2025-06-05,21:42:40,1,humidity,90
2025-06-05,21:42:43,1,temperature,32
2025-06-05,21:42:43,1,humidity,78
2025-06-05,21:42:46,1,temperature,64
2025-06-05,21:42:46,1,humidity,3
2025-06-05,21:42:49,1,temperature,53
2025-06-05,21:42:49,1,humidity,95
2025-06-05,21:42:52,1,temperature,68
2025-06-05,21:42:52,1,humidity,30
2025-06-05,21:42:55,1,temperature,87
2025-06-05,21:42:55,1,humidity,99
2025-06-05,21:42:58,1,temperature,64
2025-06-05,21:42:58,1,humidity,79
2025-06-05,21:43:01,1,temperature,78
2025-06-05,21:43:01,1,humidity,16
2025-06-05,21:43:04,1,temperature,32
2025-06-05,21:43:04,1,humidity,40
2025-06-05,21:43:07,1,temperature,45
2025-06-05,21:43:07,1,humidity,95
2025-06-05,21:47:06,1,temperature,73
2025-06-05,21:47:06,1,humidity,13
2025-06-05,21:47:09,1,temperature,5
2025-06-05,21:47:09,1,humidity,68
2025-06-05,21:47:12,1,temperature,54
2025-06-05,21:47:12,1,humidity,48
2025-06-05,21:47:15,1,temperature,53
2025-06-05,21:47:15,1,humidity,17
2025-06-05,21:47:18,1,temperature,85
2025-06-05,21:47:18,1,humidity,94
2025-06-05,21:47:21,1,temperature,98
2025-06-05,21:47:21,1,humidity,11
2025-06-05,21:47:24,1,temperature,79
2025-06-05,21:47:24,1,humidity,91
2025-06-05,21:47:27,1,temperature,28
2025-06-05,21:47:27,1,humidity,6
2025-06-05,21:47:30,1,temperature,17
2025-06-05,21:47:30,1,humidity,64
2025-06-05,21:47:33,1,temperature,98
2025-06-05,21:47:33,1,humidity,99
2025-06-05,21:47:36,1,temperature,18
2025-06-05,21:47:36,1,humidity,42
2025-06-05,21:47:39,1,temperature,6
2025-06-05,21:47:39,1,humidity,26
2025-06-05,21:47:42,1,temperature,91
2025-06-05,21:47:42,1,humidity,95
2025-06-05,21:47:45,1,temperature,96
2025-06-05,21:47:45,1,humidity,86
2025-06-05,21:47:48,1,temperature,28
2025-06-05,21:47:48,1,humidity,87
2025-06-05,21:47:51,1,temperature,85
2025-06-05,21:47:51,1,humidity,1
2025-06-05,21:47:54,1,temperature,1
2025-06-05,21:47:54,1,humidity,6
2025-06-05,21:47:57,1,temperature,75
2025-06-05,21:47:57,1,humidity,95
2025-06-05,21:48:00,1,temperature,33
2025-06-05,21:48:00,1,humidity,6
2025-06-05,21:48:03,1,temperature,89
2025-06-05,21:48:03,1,humidity,47
2025-06-05,22:12:21,1,temperature,54
2025-06-05,22:12:21,1,humidity,7
2025-06-05,22:12:24,1,temperature,50
2025-06-05,22:12:24,1,humidity,94
2025-06-05,22:12:27,1,temperature,49
2025-06-05,22:12:27,1,humidity,71
2025-06-05,22:12:30,1,temperature,44
2025-06-05,22:12:30,1,humidity,25
2025-06-05,22:12:33,1,temperature,70
2025-06-05,22:12:33,1,humidity,63
2025-06-05,22:12:36,1,temperature,19
2025-06-05,22:12:36,1,humidity,89
2025-06-05,22:12:39,1,temperature,40
2025-06-05,22:12:39,1,humidity,69
2025-06-05,22:12:42,1,temperature,50
2025-06-05,22:12:42,1,humidity,60
2025-06-05,22:12:45,1,temperature,48
2025-06-05,22:12:45,1,humidity,43
2025-06-05,22:12:48,1,temperature,52
2025-06-05,22:12:48,1,humidity,51
2025-06-05,22:12:51,1,temperature,71
2025-06-05,22:12:51,1,humidity,81
2025-06-05,22:12:54,1,temperature,93
2025-06-05,22:12:54,1,humidity,67
2025-06-05,22:12:57,1,temperature,22
2025-06-05,22:12:57,1,humidity,82
2025-06-05,22:13:00,1,temperature,1
2025-06-05,22:13:00,1,humidity,8
2025-06-05,22:13:03,1,temperature,31
2025-06-05,22:13:03,1,humidity,64
2025-06-05,22:13:06,1,temperature,33
2025-06-05,22:13:06,1,humidity,78
2025-06-05,22:14:16,1,temperature,40
2025-06-05,22:14:16,1,humidity,57
2025-06-05,22:14:19,1,temperature,21
2025-06-05,22:14:19,1,humidity,47
2025-06-05,22:14:22,1,temperature,23
2025-06-05,22:14:22,1,humidity,57
2025-06-05,22:14:25,1,temperature,28
2025-06-05,22:14:25,1,humidity,31
2025-06-05,22:14:28,1,temperature,10
2025-06-05,22:14:28,1,humidity,9
2025-06-05,22:14:31,1,temperature,9
2025-06-05,22:14:31,1,humidity,45
2025-06-05,22:14:34,1,temperature,52
2025-06-05,22:14:34,1,humidity,31
2025-06-05,22:14:37,1,temperature,80
2025-06-05,22:14:37,1,humidity,32
2025-06-05,22:14:40,1,temperature,19
2025-06-05,22:14:40,1,humidity,7
2025-06-05,22:14:43,1,temperature,17
2025-06-05,22:14:43,1,humidity,76
2025-06-05,22:14:46,1,temperature,100
2025-06-05,22:14:46,1,humidity,99
2025-06-05,22:14:49,1,temperature,96
2025-06-05,22:14:49,1,humidity,21
2025-06-05,22:14:52,1,temperature,20
2025-06-05,22:14:52,1,humidity,88
2025-06-05,22:14:55,1,temperature,24
2025-06-05,22:14:55,1,humidity,43
2025-06-05,22:14:58,1,temperature,10
2025-06-05,22:14:58,1,humidity,20
2025-06-05,22:15:01,1,temperature,70
2025-06-05,22:15:01,1,humidity,34
2025-06-05,22:16:41,1,temperature,64
2025-06-05,22:16:41,1,humidity,77
2025-06-05,22:16:44,1,temperature,45
2025-06-05,22:16:44,1,humidity,41
2025-06-05,22:16:47,1,temperature,86
2025-06-05,22:16:47,1,humidity,49
2025-06-05,22:16:50,1,temperature,90
2025-06-05,22:16:50,1,humidity,13
2025-06-05,22:16:53,1,temperature,8
2025-06-05,22:16:53,1,humidity,21
2025-06-05,22:16:56,1,temperature,86
2025-06-05,22:16:56,1,humidity,34
2025-06-05,22:16:59,1,temperature,17
2025-06-05,22:16:59,1,humidity,83
2025-06-05,22:17:02,1,temperature,82
2025-06-05,22:17:02,1,humidity,98
2025-06-05,22:17:05,1,temperature,36
2025-06-05,22:17:05,1,humidity,37
2025-06-05,22:17:08,1,temperature,28
2025-06-05,22:17:08,1,humidity,65
2025-06-05,22:17:11,1,temperature,78
2025-06-05,22:17:11,1,humidity,34
2025-06-05,22:17:14,1,temperature,5
2025-06-05,22:17:14,1,humidity,63
2025-06-05,22:17:17,1,temperature,17
2025-06-05,22:17:17,1,humidity,20
2025-06-05,22:17:20,1,temperature,83
2025-06-05,22:17:20,1,humidity,57
2025-06-05,22:17:23,1,temperature,38
2025-06-05,22:17:23,1,humidity,55
2025-06-05,22:17:26,1,temperature,4
2025-06-05,22:17:26,1,humidity,62
2025-06-05,22:26:02,1,temperature,23
2025-06-05,22:26:02,1,humidity,17
2025-06-05,22:26:05,1,temperature,6
2025-06-05,22:26:05,1,humidity,85
2025-06-05,22:26:08,1,temperature,11
2025-06-05,22:26:08,1,humidity,57
2025-06-05,22:26:11,1,temperature,27
2025-06-05,22:26:11,1,humidity,74
2025-06-05,22:26:14,1,temperature,53
2025-06-05,22:26:14,1,humidity,22
2025-06-05,22:26:17,1,temperature,78
2025-06-05,22:26:17,1,humidity,36
2025-06-05,22:26:20,1,temperature,39
2025-06-05,22:26:20,1,humidity,61
2025-06-05,22:26:23,1,temperature,78
2025-06-05,22:26:23,1,humidity,63
2025-06-05,22:26:26,1,temperature,18
2025-06-05,22:26:26,1,humidity,93
2025-06-05,22:26:29,1,temperature,2
2025-06-05,22:26:29,1,humidity,37
2025-06-05,22:26:32,1,temperature,60
2025-06-05,22:26:32,1,humidity,68
2025-06-05,22:26:35,1,temperature,96
2025-06-05,22:26:35,1,humidity,99
2025-06-05,22:26:38,1,temperature,99
2025-06-05,22:26:38,1,humidity,10
2025-06-05,22:26:41,1,temperature,54
2025-06-05,22:26:41,1,humidity,48
2025-06-05,22:26:44,1,temperature,93
2025-06-05,22:26:44,1,humidity,17
2025-06-05,22:26:47,1,temperature,74
2025-06-05,22:26:47,1,humidity,88
2025-06-05,22:26:50,1,temperature,56
2025-06-05,22:26:50,1,humidity,63
2025-06-05,22:26:53,1,temperature,62
2025-06-05,22:26:53,1,humidity,27
2025-06-05,22:26:56,1,temperature,27
2025-06-05,22:26:56,1,humidity,31
2025-06-05,22:26:59,1,temperature,84
2025-06-05,22:26:59,1,humidity,60
2025-06-05,22:27:02,1,temperature,56
2025-06-05,22:27:02,1,humidity,1
2025-06-05,22:27:05,1,temperature,91
2025-06-05,22:27:05,1,humidity,41
2025-06-05,22:27:08,1,temperature,56
2025-06-05,22:27:08,1,humidity,21
2025-06-05,22:27:11,1,temperature,87
2025-06-05,22:27:11,1,humidity,68
2025-06-05,22:27:14,1,temperature,32
2025-06-05,22:27:14,1,humidity,44
2025-06-05,22:28:11,1,temperature,30
2025-06-05,22:28:11,1,humidity,87
2025-06-05,22:28:14,1,temperature,46
2025-06-05,22:28:14,1,humidity,19
2025-06-05,22:28:17,1,temperature,65
2025-06-05,22:28:17,1,humidity,59
2025-06-05,22:28:20,1,temperature,49
2025-06-05,22:28:20,1,humidity,1
2025-06-05,22:28:23,1,temperature,13
2025-06-05,22:28:23,1,humidity,76
2025-06-05,22:28:26,1,temperature,64
2025-06-05,22:28:26,1,humidity,85
2025-06-05,22:28:29,1,temperature,17
2025-06-05,22:28:29,1,humidity,16
2025-06-05,22:28:32,1,temperature,35
2025-06-05,22:28:32,1,humidity,30
2025-06-05,22:28:35,1,temperature,95
2025-06-05,22:28:35,1,humidity,70
2025-06-05,22:28:38,1,temperature,100
2025-06-05,22:28:38,1,humidity,71
2025-06-05,22:28:41,1,temperature,92
2025-06-05,22:28:41,1,humidity,51
2025-06-05,22:28:44,1,temperature,98
2025-06-05,22:28:44,1,humidity,66
2025-06-05,22:28:47,1,temperature,58
2025-06-05,22:28:47,1,humidity,25
2025-06-05,22:28:50,1,temperature,54
2025-06-05,22:28:50,1,humidity,9
2025-06-05,22:28:53,1,temperature,7
2025-06-05,22:28:53,1,humidity,92
2025-06-05,22:28:56,1,temperature,33
2025-06-05,22:28:56,1,humidity,65
2025-06-05,22:35:35,1,temperature,100
2025-06-05,22:35:35,1,humidity,8
2025-06-05,22:35:38,1,temperature,34
2025-06-05,22:35:38,1,humidity,35
2025-06-05,22:35:41,1,temperature,68
2025-06-05,22:35:41,1,humidity,19
2025-06-05,22:35:44,1,temperature,52
2025-06-05,22:35:44,1,humidity,42
2025-06-05,22:35:47,1,temperature,40
2025-06-05,22:35:47,1,humidity,44
2025-06-05,22:35:50,1,temperature,86
2025-06-05,22:35:50,1,humidity,62
2025-06-05,22:35:53,1,temperature,22
2025-06-05,22:35:53,1,humidity,65
2025-06-05,22:35:56,1,temperature,68
2025-06-05,22:35:56,1,humidity,3
2025-06-05,22:35:59,1,temperature,13
2025-06-05,22:35:59,1,humidity,10
2025-06-05,22:36:02,1,temperature,71
2025-06-05,22:36:02,1,humidity,29
2025-06-05,22:36:05,1,temperature,17
2025-06-05,22:36:05,1,humidity,32
2025-06-05,22:36:08,1,temperature,18
2025-06-05,22:36:08,1,humidity,30
2025-06-05,22:36:11,1,temperature,21
2025-06-05,22:36:11,1,humidity,33
2025-06-05,22:36:14,1,temperature,28
2025-06-05,22:36:14,1,humidity,56
2025-06-05,22:36:17,1,temperature,2
2025-06-05,22:36:17,1,humidity,62
2025-06-05,22:36:20,1,temperature,90
2025-06-05,22:36:20,1,humidity,61
2025-06-05,22:36:23,1,temperature,97
2025-06-05,22:36:23,1,humidity,54
2025-06-05,22:36:26,1,temperature,72
2025-06-05,22:36:26,1,humidity,62
2025-06-05,22:36:29,1,temperature,28
2025-06-05,22:36:29,1,humidity,78
2025-06-05,22:36:32,1,temperature,54
2025-06-05,22:36:32,1,humidity,77
2025-06-05,22:36:35,1,temperature,91
2025-06-05,22:36:35,1,humidity,50
2025-06-05,22:36:38,1,temperature,69
2025-06-05,22:36:38,1,humidity,95
2025-06-05,22:36:41,1,temperature,86
2025-06-05,22:36:41,1,humidity,44
2025-06-05,22:36:44,1,temperature,13
2025-06-05,22:36:44,1,humidity,99
2025-06-05,22:36:47,1,temperature,38
2025-06-05,22:36:47,1,humidity,90
2025-06-05,22:36:50,1,temperature,100
2025-06-05,22:36:50,1,humidity,49
2025-06-05,22:36:53,1,temperature,76
2025-06-05,22:36:53,1,humidity,9
2025-06-05,22:36:56,1,temperature,69
2025-06-05,22:36:56,1,humidity,86
2025-06-05,22:36:59,1,temperature,18
2025-06-05,22:36:59,1,humidity,4
2025-06-05,22:37:02,1,temperature,94
2025-06-05,22:37:02,1,humidity,44
2025-06-05,22:37:05,1,temperature,71
2025-06-05,22:37:05,1,humidity,29
2025-06-05,22:37:14,1,temperature,1
2025-06-05,22:37:14,1,humidity,80
2025-06-05,22:37:17,1,temperature,88
2025-06-05,22:37:17,1,humidity,9
2025-06-05,22:37:20,1,temperature,10
2025-06-05,22:37:20,1,humidity,57
2025-06-05,22:37:23,1,temperature,91
2025-06-05,22:37:23,1,humidity,49
2025-06-05,22:37:26,1,temperature,90
2025-06-05,22:37:26,1,humidity,21
2025-06-05,22:37:29,1,temperature,88
2025-06-05,22:37:29,1,humidity,94
2025-06-05,22:37:32,1,temperature,36
2025-06-05,22:37:32,1,humidity,90
2025-06-05,22:37:35,1,temperature,66
2025-06-05,22:37:35,1,humidity,72
2025-06-05,22:37:38,1,temperature,3
2025-06-05,22:37:38,1,humidity,38
2025-06-05,22:37:41,1,temperature,11
2025-06-05,22:37:41,1,humidity,3
2025-06-05,22:37:44,1,temperature,73
2025-06-05,22:37:44,1,humidity,13
2025-06-05,22:37:47,1,temperature,10
2025-06-05,22:37:47,1,humidity,34
2025-06-05,22:37:50,1,temperature,94
2025-06-05,22:37:50,1,humidity,80
2025-06-05,22:37:53,1,temperature,67
2025-06-05,22:37:53,1,humidity,84
2025-06-05,22:37:56,1,temperature,8
2025-06-05,22:37:56,1,humidity,55
2025-06-05,22:37:59,1,temperature,59
2025-06-05,22:37:59,1,humidity,79
2025-06-05,22:38:02,1,temperature,99
2025-06-05,22:38:02,1,humidity,42
2025-06-05,22:38:05,1,temperature,25
2025-06-05,22:38:05,1,humidity,29
2025-06-05,22:38:08,1,temperature,96
2025-06-05,22:38:08,1,humidity,84
2025-06-05,22:38:11,1,temperature,89
2025-06-05,22:38:11,1,humidity,57
2025-06-05,22:38:14,1,temperature,15
2025-06-05,22:38:14,1,humidity,37
2025-06-05,22:38:17,1,temperature,94
2025-06-05,22:38:17,1,humidity,12
2025-06-05,22:38:20,1,temperature,2
2025-06-05,22:38:20,1,humidity,88
2025-06-05,22:38:23,1,temperature,37
2025-06-05,22:38:23,1,humidity,53
2025-06-05,22:38:26,1,temperature,36
2025-06-05,22:38:26,1,humidity,36
2025-06-05,22:38:29,1,temperature,68
2025-06-05,22:38:29,1,humidity,74
2025-06-05,22:38:32,1,temperature,22
2025-06-05,22:38:32,1,humidity,6
2025-06-05,22:38:35,1,temperature,4
2025-06-05,22:38:35,1,humidity,70
2025-06-05,22:38:38,1,temperature,60
2025-06-05,22:38:38,1,humidity,15
2025-06-05,22:38:41,1,temperature,3
2025-06-05,22:38:41,1,humidity,13
2025-06-05,22:38:44,1,temperature,75
2025-06-05,22:38:44,1,humidity,15
2025-06-05,22:38:47,1,temperature,7
2025-06-05,22:38:47,1,humidity,56
2025-06-05,22:38:50,1,temperature,28
2025-06-05,22:38:50,1,humidity,33
2025-06-05,22:38:53,1,temperature,28
2025-06-05,22:38:53,1,humidity,10
2025-06-05,22:38:56,1,temperature,80
2025-06-05,22:38:56,1,humidity,76
2025-06-05,22:38:59,1,temperature,69
2025-06-05,22:38:59,1,humidity,33
2025-06-05,22:39:02,1,temperature,93
2025-06-05,22:39:02,1,humidity,19
2025-06-05,22:39:05,1,temperature,69
2025-06-05,22:39:05,1,humidity,82
2025-06-05,22:39:08,1,temperature,4
2025-06-05,22:39:08,1,humidity,35
2025-06-05,22:39:11,1,temperature,74
2025-06-05,22:39:11,1,humidity,47
2025-06-05,22:39:14,1,temperature,65
2025-06-05,22:39:14,1,humidity,37
2025-06-05,22:39:17,1,temperature,78
2025-06-05,22:39:17,1,humidity,66
2025-06-05,22:39:20,1,temperature,96
2025-06-05,22:39:20,1,humidity,21
2025-06-05,22:39:23,1,temperature,14
2025-06-05,22:39:23,1,humidity,18
2025-06-05,22:39:26,1,temperature,28
2025-06-05,22:39:26,1,humidity,95
2025-06-05,22:39:29,1,temperature,7
2025-06-05,22:39:29,1,humidity,56
2025-06-05,22:39:32,1,temperature,20
2025-06-05,22:39:32,1,humidity,57
2025-06-05,22:39:35,1,temperature,75
2025-06-05,22:39:35,1,humidity,17
2025-06-05,22:39:38,1,temperature,61
2025-06-05,22:39:38,1,humidity,80
2025-06-05,22:39:41,1,temperature,33
2025-06-05,22:39:41,1,humidity,56
2025-06-05,22:39:44,1,temperature,82
2025-06-05,22:39:44,1,humidity,88
2025-06-05,22:39:47,1,temperature,85
2025-06-05,22:39:47,1,humidity,91
2025-06-05,22:39:50,1,temperature,7
2025-06-05,22:39:50,1,humidity,61
2025-06-05,22:39:53,1,temperature,32
2025-06-05,22:39:53,1,humidity,76
2025-06-05,22:39:56,1,temperature,59
2025-06-05,22:39:56,1,humidity,64
2025-06-05,22:39:59,1,temperature,62
2025-06-05,22:39:59,1,humidity,95
2025-06-05,22:40:02,1,temperature,17
2025-06-05,22:40:02,1,humidity,9
2025-06-05,22:40:05,1,temperature,10
2025-06-05,22:40:05,1,humidity,18
2025-06-05,22:40:08,1,temperature,5
2025-06-05,22:40:08,1,humidity,89
2025-06-05,22:40:11,1,temperature,60
2025-06-05,22:40:11,1,humidity,64
2025-06-05,22:40:14,1,temperature,43
2025-06-05,22:40:14,1,humidity,9
2025-06-05,22:40:17,1,temperature,98
2025-06-05,22:40:17,1,humidity,65
